-- phpMyAdmin SQL Dump
-- version 5.2.0
-- https://www.phpmyadmin.net/
--
-- Host: 127.0.0.1
-- Czas generowania: 13 Wrz 2022, 23:13
-- Wersja serwera: 10.4.24-MariaDB
-- Wersja PHP: 8.1.6

SET SQL_MODE = "NO_AUTO_VALUE_ON_ZERO";
START TRANSACTION;
SET time_zone = "+00:00";


/*!40101 SET @OLD_CHARACTER_SET_CLIENT=@@CHARACTER_SET_CLIENT */;
/*!40101 SET @OLD_CHARACTER_SET_RESULTS=@@CHARACTER_SET_RESULTS */;
/*!40101 SET @OLD_COLLATION_CONNECTION=@@COLLATION_CONNECTION */;
/*!40101 SET NAMES utf8mb4 */;

--
-- Baza danych: `praca`
--

-- --------------------------------------------------------

--
-- Struktura tabeli dla tabeli `klient`
--

CREATE TABLE `klient` (
  `id_klient` int(11) NOT NULL,
  `imie` varchar(15) COLLATE utf8mb4_polish_ci NOT NULL,
  `nazwisko` varchar(20) COLLATE utf8mb4_polish_ci NOT NULL,
  `nr_karty_kredyt` char(20) COLLATE utf8mb4_polish_ci DEFAULT NULL,
  `firma` varchar(40) COLLATE utf8mb4_polish_ci DEFAULT NULL,
  `ulica` varchar(24) COLLATE utf8mb4_polish_ci NOT NULL,
  `numer` varchar(8) COLLATE utf8mb4_polish_ci NOT NULL,
  `miasto` varchar(24) COLLATE utf8mb4_polish_ci NOT NULL,
  `kod` char(6) COLLATE utf8mb4_polish_ci NOT NULL,
  `nip` char(11) COLLATE utf8mb4_polish_ci DEFAULT NULL,
  `telefon` varchar(16) COLLATE utf8mb4_polish_ci DEFAULT NULL
) ENGINE=InnoDB DEFAULT CHARSET=utf8mb4 COLLATE=utf8mb4_polish_ci;

--
-- Zrzut danych tabeli `klient`
--

INSERT INTO `klient` (`id_klient`, `imie`, `nazwisko`, `nr_karty_kredyt`, `firma`, `ulica`, `numer`, `miasto`, `kod`, `nip`, `telefon`) VALUES
(1, 'JAN', 'NOWAK', NULL, NULL, 'Kochanowskiego', '3', 'Wrocław', '37-300', NULL, '167-763-234'),
(2, 'Tomasz', 'Adamczak', 'HH 12345678', 'Kowalski S.C.', 'Kwiatowa', '4/9', 'Warszawa', '01-900', '543-123-456', '46-744-431'),
(3, 'Piotr', 'Malczyk', 'HF 12445661', 'ADA S.C.', 'Różana', '9', 'Warszawa', '01-900', '443-133-251', '16-742-114'),
(4, 'Paweł', 'Fiodorowicz', 'DD 76545321', 'Krawiectwo', 'Armii Krajowej', '22A', 'Warszawa', '01-200', '555-233-256', '44-342-116'),
(5, 'Aniela', 'Dalgiewicz', NULL, 'Modna Pani', 'Bohaterów GetaA', '24', 'Wrocław', '37-200', '456-134-153', '144-188-415'),
(6, 'Joanna', 'Kwiatkowska', NULL, NULL, 'Tuwima', '2/5', 'Świdnica', '58-100', NULL, '963-733-231'),
(7, 'Bożena', 'Malinowska', NULL, NULL, 'Lelewela', '34/1', 'Świdnica', '58-100', NULL, '965-553-778'),
(8, 'Tomasz', 'Nowak', NULL, NULL, 'Żeromskiego', '5A/8', 'Świdnica', '58-100', NULL, '911-135-536'),
(9, 'Krzysztof', 'Domagała', NULL, NULL, 'Leśna', '5', 'Świdnica', '58-100', NULL, '922-233-232'),
(10, 'Arkadiusz', 'Doczekalski', NULL, NULL, 'Leśna', '2', 'Świdnica', '58-100', NULL, '922-233-267'),
(11, 'Anna', 'Kowalska', 'KJ 98765412', 'Moda S.A.', 'Powstańców Śląskich', '4', 'Wrocław', '37-200', '422-132-354', '444-283-901'),
(12, 'Krzysztof', 'Dobrowolski', NULL, 'Kamieniarstwo.pl', 'Strzegomska', '124', 'Wrocław', '37-400', '433-133-332', '443-285-202'),
(13, 'Marcin', 'Krzykała', NULL, NULL, 'Konopnickiej', '1/4', 'Wrocław', '37-400', NULL, '442-211-109'),
(14, 'Aneta', 'Paprocka', NULL, NULL, 'Tuwima', '2', 'Wrocław', '37-400', NULL, '442-671-899'),
(15, 'Sebastion', 'Kownacki', NULL, NULL, 'Głowackiego', '2/9', 'Wrocław', '37-400', NULL, '423-681-129'),
(16, 'Michał', 'Michalski', NULL, NULL, 'Kwiatowa', '9/3', 'Wrocław', '37-500', NULL, '499-621-921'),
(17, 'Michał', 'Szykowny', 'WW 12398765', NULL, 'Leśna', '3', 'Warszawa', '00-100', NULL, '191-221-622'),
(18, 'Marcin', 'Marcinkowski', 'WQ 14368781', NULL, 'Okrężna', '33', 'Warszawa', '00-200', NULL, '122-127-647'),
(19, 'Robert', 'Nowak', 'WS 12358672', 'Auto naprawa', 'Przemysłowa', '1', 'Warszawa', '00-200', '999-765-120', '822-324-742'),
(20, 'Robert', 'Nowak', 'AS 61333699', 'Tapicerstwo', 'Mostowa', '9B', 'Warszawa', '00-100', '987-765-333', '811-311-147');

-- --------------------------------------------------------

--
-- Struktura tabeli dla tabeli `miejsce`
--

CREATE TABLE `miejsce` (
  `id_miejsce` int(11) NOT NULL,
  `ulica` varchar(24) COLLATE utf8mb4_polish_ci NOT NULL,
  `numer` varchar(8) COLLATE utf8mb4_polish_ci NOT NULL,
  `miasto` varchar(24) COLLATE utf8mb4_polish_ci NOT NULL,
  `kod` char(6) COLLATE utf8mb4_polish_ci NOT NULL,
  `telefon` varchar(16) COLLATE utf8mb4_polish_ci DEFAULT NULL,
  `uwagi` varchar(40) COLLATE utf8mb4_polish_ci DEFAULT NULL
) ENGINE=InnoDB DEFAULT CHARSET=utf8mb4 COLLATE=utf8mb4_polish_ci;

--
-- Zrzut danych tabeli `miejsce`
--

INSERT INTO `miejsce` (`id_miejsce`, `ulica`, `numer`, `miasto`, `kod`, `telefon`, `uwagi`) VALUES
(1, 'Lewartowskiego', '12', 'Warszawa', '10-100', '228-277-097', NULL),
(2, 'Aleje Lipowe', '3', 'Wrocław', '32-134', '388-299-086', NULL),
(3, 'Kochanowskiego', '8', 'Kraków', '91-200', '222-312-498', NULL),
(4, 'Lotnicza', '9', 'Poznań', '22-200', '778-512-044', NULL),
(5, 'Widmo', '11', 'Malbork', '83-200', '111-222-345', NULL);

-- --------------------------------------------------------

--
-- Struktura tabeli dla tabeli `pracownik`
--

CREATE TABLE `pracownik` (
  `id_pracownik` int(11) NOT NULL,
  `imie` varchar(15) COLLATE utf8mb4_polish_ci NOT NULL,
  `nazwisko` varchar(20) COLLATE utf8mb4_polish_ci NOT NULL,
  `data_zatr` datetime NOT NULL,
  `dzial` varchar(20) COLLATE utf8mb4_polish_ci NOT NULL,
  `stanowisko` varchar(20) COLLATE utf8mb4_polish_ci NOT NULL,
  `pensja` decimal(8,2) NOT NULL,
  `dodatek` decimal(8,2) DEFAULT NULL,
  `id_miejsce` int(11) NOT NULL,
  `telefon` varchar(16) COLLATE utf8mb4_polish_ci DEFAULT NULL
) ENGINE=InnoDB DEFAULT CHARSET=utf8mb4 COLLATE=utf8mb4_polish_ci;

--
-- Zrzut danych tabeli `pracownik`
--

INSERT INTO `pracownik` (`id_pracownik`, `imie`, `nazwisko`, `data_zatr`, `dzial`, `stanowisko`, `pensja`, `dodatek`, `id_miejsce`, `telefon`) VALUES
(1, 'JAN', 'KOWALSKI', '1997-02-01 00:00:00', 'obsługa klienta', 'sprzedawca', '1100.00', '123.00', 1, '987-231-123'),
(2, 'Wanda', 'Kamińska', '1997-01-01 00:00:00', 'obsługa klienta', 'sprzedawca', '1200.00', '115.00', 2, '987-231-124'),
(3, 'Krzysztof', 'Adamski', '1997-05-01 00:00:00', 'obsługa klienta', 'kierownik', '2000.00', NULL, 3, '987-231-125'),
(4, 'Piotr', 'Michalski', '1998-06-01 00:00:00', 'techniczny', 'mechanik', '1700.00', '76.00', 1, '987-231-131'),
(5, 'Bożena', 'Domańska', '1997-02-01 00:00:00', 'obsługa klienta', 'sprzedawca', '1300.00', '134.00', 3, '987-231-126'),
(6, 'Wojciech', 'Burzalski', '1998-12-01 00:00:00', 'techniczny', 'mechanik', '1800.00', '80.00', 3, '987-231-132'),
(7, 'Wojciech', 'Burzalski', '1997-05-01 00:00:00', 'księgowość', 'kasjer', '1400.00', '105.00', 1, '987-231-141'),
(8, 'Marcin', 'Marcinkowski', '1997-05-01 00:00:00', 'techniczny', 'kierownik', '2200.00', NULL, 1, '987-231-133'),
(9, 'Alicja', 'Makowska', '1999-07-01 00:00:00', 'obsługa klienta', 'sprzedawca', '1400.00', '120.00', 4, '933-241-525'),
(10, 'Wojciech', 'Bagielski', '1998-04-01 00:00:00', 'obsługa klienta', 'sprzedawca', '1200.00', '100.00', 1, '457-531-143'),
(11, 'Jan', 'Bagielski', '1999-04-01 00:00:00', 'techniczny', 'sprzedawca', '1200.00', '100.00', 1, '457-531-144');

-- --------------------------------------------------------

--
-- Struktura tabeli dla tabeli `samochod`
--

CREATE TABLE `samochod` (
  `id_samochod` int(11) NOT NULL,
  `marka` varchar(20) COLLATE utf8mb4_polish_ci NOT NULL,
  `typ` varchar(16) COLLATE utf8mb4_polish_ci NOT NULL,
  `data_prod` datetime NOT NULL,
  `kolor` varchar(16) COLLATE utf8mb4_polish_ci NOT NULL,
  `poj_silnika` smallint(6) NOT NULL,
  `przebieg` int(11) NOT NULL
) ENGINE=InnoDB DEFAULT CHARSET=utf8mb4 COLLATE=utf8mb4_polish_ci;

--
-- Zrzut danych tabeli `samochod`
--

INSERT INTO `samochod` (`id_samochod`, `marka`, `typ`, `data_prod`, `kolor`, `poj_silnika`, `przebieg`) VALUES
(1, 'Mercedes', '190D', '1995-01-01 00:00:00', 'biały', 1800, 23000),
(2, 'Mercedes', '230D', '1999-01-01 00:00:00', 'niebieski', 2000, 35000),
(3, 'Fiat', '126p', '2000-01-01 00:00:00', 'czerwony', 1100, 13000),
(4, 'Fiat', '125p', '1999-01-01 00:00:00', 'biały', 900, 10000),
(5, 'Fiat', 'TIPO', '1998-01-01 00:00:00', 'bordowy', 1400, 43000),
(6, 'Polonez', 'CARO', '1997-01-01 00:00:00', 'zielony', 1600, 55000),
(7, 'Opel', 'Corsa', '2000-01-01 00:00:00', 'zielony', 1100, 11000),
(8, 'Opel', 'Vectra', '1999-01-01 00:00:00', 'szary', 1800, 36000),
(9, 'Mercedes', '190D', '1996-01-01 00:00:00', 'brązowy', 1800, 69000),
(10, 'Ford', 'Escort', '2000-01-01 00:00:00', 'niebieski', 1600, 8000),
(11, 'Ford', 'Escort', '1999-01-01 00:00:00', 'biały', 1600, 23000),
(12, 'Ford', 'KA', '1998-01-01 00:00:00', 'bordowy', 1100, 54000),
(13, 'Fiat', 'Seicento', '1999-01-01 00:00:00', 'złoty', 1100, 25000),
(14, 'Fiat', 'Seicento', '2000-01-01 00:00:00', 'biały', 1100, 18000),
(15, 'Seat', 'Ibiza', '1998-01-01 00:00:00', 'żółty', 1800, 63000),
(16, 'Ford', 'Sierra', '1995-01-01 00:00:00', 'czerwony', 1600, 87000),
(17, 'Opel', 'Corsa', '2000-01-01 00:00:00', 'zielony', 1400, 9000),
(18, 'Ford', 'KA', '1999-01-01 00:00:00', 'żółty', 1400, 20000);

-- --------------------------------------------------------

--
-- Struktura tabeli dla tabeli `wypozyczenie`
--

CREATE TABLE `wypozyczenie` (
  `id_wypozyczenie` int(11) NOT NULL,
  `id_klient` int(11) NOT NULL,
  `id_samochod` int(11) NOT NULL,
  `id_pracow_wyp` int(11) NOT NULL,
  `id_pracow_odd` int(11) DEFAULT NULL,
  `id_miejsca_wyp` int(11) NOT NULL,
  `id_miejsca_odd` int(11) DEFAULT NULL,
  `data_wyp` datetime NOT NULL,
  `data_odd` datetime DEFAULT NULL,
  `kaucja` decimal(8,2) DEFAULT NULL,
  `cena_jedn` decimal(8,2) NOT NULL
) ENGINE=InnoDB DEFAULT CHARSET=utf8mb4 COLLATE=utf8mb4_polish_ci;

--
-- Zrzut danych tabeli `wypozyczenie`
--

INSERT INTO `wypozyczenie` (`id_wypozyczenie`, `id_klient`, `id_samochod`, `id_pracow_wyp`, `id_pracow_odd`, `id_miejsca_wyp`, `id_miejsca_odd`, `data_wyp`, `data_odd`, `kaucja`, `cena_jedn`) VALUES
(1, 1, 3, 2, 2, 1, 1, '1998-09-11 00:00:00', '1998-09-13 00:00:00', '200.00', '50.00'),
(2, 3, 4, 1, 1, 1, 1, '1998-09-06 00:00:00', '1998-09-07 00:00:00', NULL, '50.00'),
(3, 3, 4, 9, 9, 2, 2, '1998-10-04 00:00:00', '1998-10-14 00:00:00', NULL, '50.00'),
(4, 4, 3, 10, 10, 3, 3, '1998-10-10 00:00:00', '1998-10-15 00:00:00', NULL, '50.00'),
(5, 6, 7, 10, 10, 3, 3, '1998-10-09 00:00:00', '1998-11-12 00:00:00', '200.00', '50.00'),
(6, 5, 8, 10, 2, 1, 3, '1998-11-07 00:00:00', '1998-11-19 00:00:00', '200.00', '50.00'),
(7, 8, 11, 9, 2, 1, 1, '1998-11-07 00:00:00', '1998-11-15 00:00:00', '200.00', '50.00'),
(8, 6, 11, 1, 5, 4, 4, '1998-11-08 00:00:00', '1998-12-02 00:00:00', '200.00', '100.00'),
(9, 7, 17, 2, 2, 1, 2, '1998-12-01 00:00:00', '1998-12-03 00:00:00', '200.00', '100.00'),
(10, 9, 17, 2, 10, 1, 2, '1998-12-12 00:00:00', '1998-12-17 00:00:00', '200.00', '100.00'),
(11, 10, 1, 5, 5, 3, 3, '1998-12-02 00:00:00', '1998-12-03 00:00:00', '200.00', '100.00'),
(12, 12, 2, 5, 5, 4, 4, '1999-01-04 00:00:00', '1999-01-12 00:00:00', '200.00', '100.00'),
(13, 11, 5, 1, 5, 3, 1, '1999-01-04 00:00:00', '1999-01-09 00:00:00', NULL, '100.00'),
(14, 13, 5, 1, 1, 4, 1, '1999-02-01 00:00:00', '1999-02-05 00:00:00', '200.00', '100.00'),
(15, 14, 4, 1, 1, 2, 2, '1999-02-04 00:00:00', '1999-02-04 00:00:00', '200.00', '100.00'),
(16, 15, 18, 9, 9, 2, 2, '1999-03-08 00:00:00', '1999-03-13 00:00:00', '200.00', '100.00'),
(17, 16, 13, 10, 10, 4, 1, '1999-03-11 00:00:00', '1999-03-12 00:00:00', '200.00', '100.00'),
(18, 20, 14, 1, 1, 1, 1, '1999-04-01 00:00:00', '1999-04-05 00:00:00', NULL, '100.00'),
(19, 19, 15, 5, 5, 4, 4, '1999-05-04 00:00:00', '1999-05-09 00:00:00', NULL, '100.00'),
(20, 17, 17, 2, 2, 3, 1, '1999-08-10 00:00:00', '1999-08-17 00:00:00', NULL, '100.00'),
(21, 1, 3, 2, 2, 1, 1, '2000-01-01 00:00:00', '2000-01-03 00:00:00', '200.00', '50.00'),
(22, 3, 4, 1, 1, 1, 1, '2000-01-06 00:00:00', '2000-01-07 00:00:00', NULL, '50.00'),
(23, 3, 4, 9, 9, 2, 2, '2000-01-04 00:00:00', '2000-10-04 00:00:00', NULL, '50.00'),
(24, 4, 3, 10, 9, 3, 3, '2000-02-10 00:00:00', '2000-02-12 00:00:00', NULL, '50.00'),
(25, 6, 7, 10, 9, 3, 3, '2000-02-12 00:00:00', '2000-02-13 00:00:00', '200.00', '50.00'),
(26, 5, 8, 10, 2, 1, 3, '2000-03-07 00:00:00', '2000-03-09 00:00:00', '200.00', '50.00'),
(27, 8, 11, 9, 2, 1, 1, '2000-04-07 00:00:00', '2000-04-15 00:00:00', '200.00', '50.00'),
(28, 6, 11, 1, 5, 4, 3, '2000-06-08 00:00:00', '2000-06-11 00:00:00', '200.00', '100.00'),
(29, 7, 17, 2, 3, 1, 2, '2000-06-09 00:00:00', '2000-06-10 00:00:00', '200.00', '100.00'),
(30, 9, 17, 2, 10, 1, 2, '2000-06-12 00:00:00', '2000-06-16 00:00:00', '200.00', '100.00'),
(31, 10, 1, 5, 1, 3, 3, '2000-06-21 00:00:00', '2000-06-23 00:00:00', '200.00', '100.00'),
(32, 12, 2, 5, 4, 4, 1, '2000-06-23 00:00:00', '2000-06-29 00:00:00', '200.00', '100.00'),
(33, 11, 5, 1, 2, 3, 1, '2000-06-27 00:00:00', '2000-06-30 00:00:00', NULL, '100.00'),
(34, 13, 5, 1, 2, 4, 1, '2000-07-01 00:00:00', '2000-07-05 00:00:00', '200.00', '100.00'),
(35, 14, 4, 1, 2, 2, 3, '2000-07-04 00:00:00', '2000-07-04 00:00:00', '200.00', '100.00'),
(36, 15, 18, 9, 7, 2, 2, '2000-07-08 00:00:00', '2000-08-03 00:00:00', '200.00', '100.00'),
(37, 16, 13, 10, 10, 4, 1, '2000-07-11 00:00:00', '2000-07-12 00:00:00', '200.00', '100.00'),
(38, 20, 14, 1, 4, 1, 2, '2000-07-13 00:00:00', '2000-07-29 00:00:00', NULL, '100.00'),
(39, 19, 15, 5, 6, 4, 3, '2000-10-04 00:00:00', '2000-10-09 00:00:00', NULL, '100.00'),
(40, 17, 17, 2, 2, 3, 1, '2000-11-10 00:00:00', '2000-12-01 00:00:00', NULL, '100.00'),
(41, 1, 3, 2, 2, 1, 1, '2000-12-20 00:00:00', '2001-01-03 00:00:00', '200.00', '50.00'),
(42, 3, 4, 1, 1, 1, 1, '2001-02-06 00:00:00', '2001-02-07 00:00:00', NULL, '50.00'),
(43, 3, 4, 9, 9, 2, 2, '2001-03-04 00:00:00', '2001-03-07 00:00:00', NULL, '50.00'),
(44, 4, 3, 10, 10, 3, 3, '2001-04-10 00:00:00', '2001-04-12 00:00:00', NULL, '50.00'),
(45, 6, 7, 10, 10, 3, 3, '2002-02-12 00:00:00', '2002-02-13 00:00:00', '200.00', '50.00'),
(46, 5, 8, 10, 2, 1, 3, '2002-03-07 00:00:00', '2002-03-09 00:00:00', '200.00', '50.00'),
(47, 8, 11, 9, 2, 1, 1, '2002-04-07 00:00:00', '2002-04-15 00:00:00', '200.00', '50.00'),
(48, 6, 11, 1, 5, 4, 4, '2003-06-08 00:00:00', '2003-06-11 00:00:00', '200.00', '100.00'),
(49, 7, 17, 2, 2, 1, 2, '2003-06-09 00:00:00', '2003-06-10 00:00:00', '200.00', '100.00'),
(50, 9, 17, 2, 10, 1, 2, '2003-06-12 00:00:00', '2003-06-16 00:00:00', '200.00', '100.00'),
(51, 10, 1, 5, 5, 3, 3, '2004-06-21 00:00:00', '2004-06-23 00:00:00', '200.00', '100.00'),
(52, 12, 2, 5, 5, 4, 4, '2004-06-23 00:00:00', '2004-06-29 00:00:00', '200.00', '100.00'),
(53, 11, 5, 1, 5, 3, 1, '2004-06-27 00:00:00', '2004-06-30 00:00:00', NULL, '100.00'),
(54, 13, 5, 1, 1, 4, 1, '2004-07-01 00:00:00', '2004-07-05 00:00:00', '200.00', '100.00'),
(55, 14, 4, 1, 1, 2, 2, '2004-07-04 00:00:00', '2004-07-04 00:00:00', '200.00', '100.00'),
(56, 15, 18, 9, 9, 2, 2, '2004-07-08 00:00:00', '2004-08-03 00:00:00', '200.00', '100.00'),
(57, 16, 13, 10, 10, 4, 1, '2004-07-11 00:00:00', '2004-07-12 00:00:00', '200.00', '100.00'),
(58, 20, 14, 1, 1, 1, 1, '2004-07-13 00:00:00', '2004-07-29 00:00:00', NULL, '100.00'),
(59, 19, 15, 5, 5, 4, 4, '2005-10-04 00:00:00', '2005-10-09 00:00:00', NULL, '100.00'),
(60, 17, 17, 2, 2, 3, 1, '2005-11-10 00:00:00', '2005-12-01 00:00:00', NULL, '100.00'),
(61, 1, 3, 2, 2, 1, 1, '2006-01-01 00:00:00', '2006-01-03 00:00:00', '200.00', '50.00'),
(62, 3, 4, 1, 1, 1, 1, '2006-01-06 00:00:00', '2006-01-07 00:00:00', NULL, '50.00'),
(63, 3, 4, 9, 9, 2, 2, '2006-01-04 00:00:00', '2006-10-04 00:00:00', NULL, '50.00'),
(64, 4, 3, 10, 10, 3, 3, '2006-02-10 00:00:00', '2006-02-12 00:00:00', NULL, '50.00'),
(65, 6, 7, 10, 10, 3, 3, '2006-02-12 00:00:00', '2006-02-13 00:00:00', '200.00', '50.00'),
(66, 5, 8, 10, 2, 1, 3, '2006-03-07 00:00:00', '2006-03-09 00:00:00', '200.00', '50.00'),
(67, 8, 11, 9, 2, 1, 1, '2006-04-07 00:00:00', '2006-04-15 00:00:00', '200.00', '50.00'),
(68, 6, 11, 1, 5, 4, 4, '2006-06-08 00:00:00', '2006-06-11 00:00:00', '200.00', '100.00'),
(69, 7, 17, 2, 2, 1, 2, '2007-06-09 00:00:00', '2007-06-10 00:00:00', '200.00', '100.00'),
(70, 9, 17, 2, 10, 1, 2, '2007-06-12 00:00:00', '2007-06-16 00:00:00', '200.00', '100.00'),
(71, 10, 1, 5, 5, 3, 3, '2007-06-21 00:00:00', '2007-06-23 00:00:00', '200.00', '100.00'),
(72, 12, 2, 5, 5, 4, 4, '2007-06-23 00:00:00', '2007-06-29 00:00:00', '200.00', '100.00'),
(73, 11, 5, 1, 5, 3, 1, '2008-06-27 00:00:00', '2008-06-30 00:00:00', NULL, '100.00'),
(74, 13, 5, 1, 1, 4, 1, '2008-07-01 00:00:00', '2008-07-05 00:00:00', '200.00', '100.00'),
(75, 14, 4, 1, 1, 2, 2, '2008-07-04 00:00:00', '2008-07-04 00:00:00', '200.00', '100.00'),
(76, 15, 18, 9, 9, 2, 2, '2009-07-08 00:00:00', '2009-08-03 00:00:00', '200.00', '100.00'),
(77, 16, 13, 10, 10, 4, 1, '2009-07-11 00:00:00', '2009-07-12 00:00:00', '200.00', '100.00'),
(78, 20, 14, 1, 1, 1, 1, '2009-07-13 00:00:00', '2009-07-29 00:00:00', NULL, '100.00'),
(79, 19, 15, 5, 5, 4, 4, '2009-10-04 00:00:00', '2009-10-09 00:00:00', NULL, '100.00'),
(80, 17, 17, 2, 2, 3, 1, '2009-11-10 00:00:00', '2009-12-01 00:00:00', NULL, '100.00'),
(81, 1, 3, 2, 2, 1, 1, '2009-12-29 00:00:00', '2010-01-03 00:00:00', '200.00', '50.00'),
(82, 3, 4, 1, 1, 1, 1, '2011-02-06 00:00:00', '2011-02-07 00:00:00', NULL, '50.00'),
(83, 3, 4, 9, 9, 2, 2, '2011-03-04 00:00:00', '2011-03-07 00:00:00', NULL, '50.00'),
(84, 4, 3, 10, 10, 3, 3, '2011-04-10 00:00:00', '2011-04-12 00:00:00', NULL, '50.00'),
(85, 6, 7, 10, 10, 3, 3, '2012-02-12 00:00:00', '2012-02-13 00:00:00', '200.00', '50.00'),
(86, 5, 8, 10, 2, 1, 3, '2012-03-07 00:00:00', '2012-03-09 00:00:00', '200.00', '50.00'),
(87, 8, 11, 9, 2, 1, 1, '2012-04-07 00:00:00', '2012-04-15 00:00:00', '200.00', '50.00'),
(88, 6, 11, 1, 5, 4, 4, '2013-06-08 00:00:00', '2013-06-11 00:00:00', '200.00', '100.00'),
(89, 7, 17, 2, 2, 1, 2, '2013-06-09 00:00:00', '2013-06-10 00:00:00', '200.00', '100.00'),
(90, 9, 17, 2, 10, 1, 2, '2013-06-12 00:00:00', '2013-06-16 00:00:00', '200.00', '100.00'),
(91, 10, 1, 5, 5, 3, 3, '2013-06-21 00:00:00', '2013-06-23 00:00:00', '200.00', '100.00'),
(92, 12, 2, 5, 5, 4, 4, '2013-06-23 00:00:00', '2013-06-29 00:00:00', '200.00', '100.00'),
(93, 11, 5, 1, 5, 3, 1, '2013-06-27 00:00:00', '2013-06-30 00:00:00', NULL, '100.00'),
(94, 13, 5, 1, 1, 4, 1, '2013-07-01 00:00:00', '2013-07-05 00:00:00', '200.00', '100.00'),
(95, 14, 4, 1, 1, 2, 2, '2013-07-04 00:00:00', '2013-07-04 00:00:00', '200.00', '100.00'),
(96, 15, 18, 9, 9, 2, 2, '2013-07-08 00:00:00', '2013-08-03 00:00:00', '200.00', '100.00'),
(97, 16, 13, 10, 10, 4, 1, '2013-07-11 00:00:00', '2013-07-12 00:00:00', '200.00', '100.00'),
(98, 20, 14, 1, 1, 1, 1, '2014-01-13 00:00:00', '2014-02-28 00:00:00', NULL, '100.00'),
(99, 19, 15, 5, 5, 4, 4, '2014-01-14 00:00:00', '2014-01-24 00:00:00', NULL, '100.00'),
(100, 17, 17, 2, 2, 3, 1, '2014-01-10 00:00:00', '2014-01-12 00:00:00', NULL, '100.00'),
(101, 18, 9, 2, NULL, 1, NULL, '2014-03-04 00:00:00', NULL, NULL, '100.00'),
(102, 17, 1, 1, NULL, 2, NULL, '2014-03-11 00:00:00', NULL, NULL, '100.00'),
(103, 9, 3, 10, NULL, 2, NULL, '2014-03-14 00:00:00', NULL, '200.00', '100.00'),
(104, 14, 4, 5, NULL, 1, NULL, '2014-03-20 00:00:00', NULL, '200.00', '100.00'),
(105, 10, 5, 9, NULL, 2, NULL, '2014-03-26 00:00:00', NULL, '200.00', '100.00');

--
-- Indeksy dla zrzutów tabel
--

--
-- Indeksy dla tabeli `klient`
--
ALTER TABLE `klient`
  ADD PRIMARY KEY (`id_klient`);

--
-- Indeksy dla tabeli `miejsce`
--
ALTER TABLE `miejsce`
  ADD PRIMARY KEY (`id_miejsce`);

--
-- Indeksy dla tabeli `pracownik`
--
ALTER TABLE `pracownik`
  ADD PRIMARY KEY (`id_pracownik`);

--
-- Indeksy dla tabeli `samochod`
--
ALTER TABLE `samochod`
  ADD PRIMARY KEY (`id_samochod`);

--
-- Indeksy dla tabeli `wypozyczenie`
--
ALTER TABLE `wypozyczenie`
  ADD PRIMARY KEY (`id_wypozyczenie`);
COMMIT;

/*!40101 SET CHARACTER_SET_CLIENT=@OLD_CHARACTER_SET_CLIENT */;
/*!40101 SET CHARACTER_SET_RESULTS=@OLD_CHARACTER_SET_RESULTS */;
/*!40101 SET COLLATION_CONNECTION=@OLD_COLLATION_CONNECTION */;
